{
  "cardDefaultFields": [
    {
      "id": "phone",
      "displayName": "Phone",
      "type": "text",
      "required": true,
      "allowMultiple": true
    },
    {
      "id": "email",
      "displayName": "E-mail",
      "type": "text",
      "required": true,
      "allowMultiple": true
    }
  ],
  "cardFormFields": [
    {
      "id": "phone",
      "displayName": "Phone",
      "type": "text",
      "required": true,
      "allowMultiple": true
    },
    {
      "id": "email",
      "displayName": "E-mail",
      "type": "text",
      "required": true,
      "allowMultiple": true
    },
    {
      "id": "website",
      "displayName": "Web site",
      "type": "text",
      "required": true,
      "allowMultiple": false
    },
    {
      "id": "address",
      "displayName": "Address",
      "type": "textarea",
      "required": false,
      "allowMultiple": false
    },
    {
      "id": "twitter",
      "displayName": "Twitter",
      "type": "text",
      "required": false,
      "allowMultiple": false
    },
    {
      "id": "instagram",
      "displayName": "Instagram",
      "type": "text",
      "required": false,
      "allowMultiple": false
    },
    {
      "id": "linkedin",
      "displayName": "Linkedin",
      "type": "text",
      "required": false,
      "allowMultiple": false
    },
    {
      "id": "youtube",
      "displayName": "Youtube",
      "type": "text",
      "required": true,
      "allowMultiple": false,
      "constant": true,
      "value": "test-youtube"
    },
    {
      "id": "whatsup",
      "displayName": "Whatsup",
      "type": "text",
      "required": false,
      "allowMultiple": false
    },
    {
      "id": "link",
      "displayName": "Link",
      "type": "text",
      "required": false,
      "allowMultiple": false
    },
    {
      "id": "wechat",
      "displayName": "We chat",
      "type": "text",
      "required": false,
      "allowMultiple": false
    },
    {
      "id": "vimeo",
      "displayName": "Vimeo",
      "type": "text",
      "required": false,
      "allowMultiple": false
    }
  ]
}
